file_name,total_cost,average_cost
sales_february_2014.csv,18750.0,1562.5
sales_january_2014.csv,17984.0,1498.6666666666667
sales_march_2014.csv,20278.0,1689.8333333333333
